,Churn Category,Churn Category,,,,,,
0,0,0,884,,1,1,1,1410
1,0,0,203,,1,1,1,
2,0,0,70,,1,1,1,
3,0,0,54,,1,1,1,
4,2,0,51,,2,1,2,
5,1,1,147,,2,2,2,
6,0,0,,,1,1,1,
7,5,5,,,2,2,2,
8,0,0,,,1,1,1,
9,1,3,,,2,2,2,
10,0,0,,,1,1,1,
11,0,0,,,1,1,1,
12,1,1,,,2,2,2,
13,1,1,,,2,2,2,
14,2,0,,,2,1,2,
15,1,3,,,2,2,2,
16,0,0,,,1,1,1,
17,5,3,,,2,2,2,
18,0,0,,,1,1,1,
19,0,0,,,1,1,1,
20,2,1,,,2,2,2,
21,0,0,,,1,1,1,
22,0,0,,,1,1,1,
23,1,1,,,2,2,2,
24,0,0,,,1,1,1,
25,0,0,,,1,1,1,
26,0,0,,,1,1,1,
27,0,0,,,1,1,1,
28,1,1,,,2,2,2,
29,0,0,,,1,1,1,
30,0,0,,,1,1,1,
31,0,0,,,1,1,1,
32,2,2,,,2,2,2,
33,0,0,,,1,1,1,
34,0,0,,,1,1,1,
35,1,1,,,2,2,2,
36,0,0,,,1,1,1,
37,0,0,,,1,1,1,
38,0,0,,,1,1,1,
39,0,0,,,1,1,1,
40,0,0,,,1,1,1,
41,5,5,,,2,2,2,
42,0,0,,,1,1,1,
43,5,3,,,2,2,2,
44,0,0,,,1,1,1,
45,0,0,,,1,1,1,
46,0,0,,,1,1,1,
47,2,3,,,2,2,2,
48,5,5,,,2,2,2,
49,0,0,,,1,1,1,
50,0,0,,,1,1,1,
51,5,3,,,2,2,2,
52,0,0,,,1,1,1,
53,0,0,,,1,1,1,
54,0,0,,,1,1,1,
55,0,0,,,1,1,1,
56,0,0,,,1,1,1,
57,0,0,,,1,1,1,
58,0,0,,,1,1,1,
59,0,0,,,1,1,1,
60,0,0,,,1,1,1,
61,0,0,,,1,1,1,
62,0,0,,,1,1,1,
63,0,0,,,1,1,1,
64,1,1,,,2,2,2,
65,1,2,,,2,2,2,
66,0,0,,,1,1,1,
67,1,1,,,2,2,2,
68,1,1,,,2,2,2,
69,0,0,,,1,1,1,
70,0,0,,,1,1,1,
71,0,0,,,1,1,1,
72,0,0,,,1,1,1,
73,0,0,,,1,1,1,
74,4,0,,,2,1,2,
75,0,0,,,1,1,1,
76,0,0,,,1,1,1,
77,0,0,,,1,1,1,
78,1,0,,,2,1,2,
79,1,4,,,2,2,2,
80,0,0,,,1,1,1,
81,0,0,,,1,1,1,
82,0,0,,,1,1,1,
83,0,0,,,1,1,1,
84,0,0,,,1,1,1,
85,0,0,,,1,1,1,
86,0,0,,,1,1,1,
87,0,0,,,1,1,1,
88,0,0,,,1,1,1,
89,3,3,,,2,2,2,
90,1,1,,,2,2,2,
91,0,0,,,1,1,1,
92,0,0,,,1,1,1,
93,5,3,,,2,2,2,
94,5,1,,,2,2,2,
95,4,0,,,2,1,2,
96,5,0,,,2,1,2,
97,0,0,,,1,1,1,
98,0,0,,,1,1,1,
99,0,0,,,1,1,1,
100,0,0,,,1,1,1,
101,0,0,,,1,1,1,
102,1,1,,,2,2,2,
103,2,0,,,2,1,2,
104,3,3,,,2,2,2,
105,0,0,,,1,1,1,
106,5,3,,,2,2,2,
107,5,3,,,2,2,2,
108,1,1,,,2,2,2,
109,1,1,,,2,2,2,
110,4,4,,,2,2,2,
111,0,0,,,1,1,1,
112,1,3,,,2,2,2,
113,0,0,,,1,1,1,
114,5,5,,,2,2,2,
115,0,0,,,1,1,1,
116,0,0,,,1,1,1,
117,0,0,,,1,1,1,
118,4,0,,,2,1,2,
119,0,0,,,1,1,1,
120,3,3,,,2,2,2,
121,0,0,,,1,1,1,
122,0,0,,,1,1,1,
123,1,1,,,2,2,2,
124,0,0,,,1,1,1,
125,0,0,,,1,1,1,
126,0,0,,,1,1,1,
127,0,0,,,1,1,1,
128,0,0,,,1,1,1,
129,0,2,,,1,2,2,
130,1,4,,,2,2,2,
131,0,0,,,1,1,1,
132,4,2,,,2,2,2,
133,0,0,,,1,1,1,
134,5,5,,,2,2,2,
135,4,0,,,2,1,2,
136,0,0,,,1,1,1,
137,0,0,,,1,1,1,
138,0,0,,,1,1,1,
139,0,0,,,1,1,1,
140,0,0,,,1,1,1,
141,0,0,,,1,1,1,
142,0,0,,,1,1,1,
143,0,0,,,1,1,1,
144,0,0,,,1,1,1,
145,0,0,,,1,1,1,
146,5,1,,,2,2,2,
147,0,0,,,1,1,1,
148,2,5,,,2,2,2,
149,1,1,,,2,2,2,
150,0,4,,,1,2,2,
151,0,0,,,1,1,1,
152,1,2,,,2,2,2,
153,1,1,,,2,2,2,
154,0,0,,,1,1,1,
155,4,4,,,2,2,2,
156,4,3,,,2,2,2,
157,0,5,,,1,2,2,
158,0,0,,,1,1,1,
159,0,0,,,1,1,1,
160,0,0,,,1,1,1,
161,0,0,,,1,1,1,
162,0,0,,,1,1,1,
163,0,0,,,1,1,1,
164,0,0,,,1,1,1,
165,0,0,,,1,1,1,
166,5,4,,,2,2,2,
167,0,0,,,1,1,1,
168,0,0,,,1,1,1,
169,1,1,,,2,2,2,
170,0,0,,,1,1,1,
171,0,0,,,1,1,1,
172,0,0,,,1,1,1,
173,2,1,,,2,2,2,
174,0,0,,,1,1,1,
175,1,0,,,2,1,2,
176,1,1,,,2,2,2,
177,0,0,,,1,1,1,
178,4,3,,,2,2,2,
179,2,0,,,2,1,2,
180,3,2,,,2,2,2,
181,0,0,,,1,1,1,
182,4,2,,,2,2,2,
183,0,0,,,1,1,1,
184,0,0,,,1,1,1,
185,0,0,,,1,1,1,
186,1,2,,,2,2,2,
187,0,0,,,1,1,1,
188,1,1,,,2,2,2,
189,0,0,,,1,1,1,
190,0,0,,,1,1,1,
191,1,1,,,2,2,2,
192,4,4,,,2,2,2,
193,0,0,,,1,1,1,
194,0,0,,,1,1,1,
195,3,2,,,2,2,2,
196,0,0,,,1,1,1,
197,4,3,,,2,2,2,
198,0,0,,,1,1,1,
199,0,0,,,1,1,1,
200,0,0,,,1,1,1,
201,4,1,,,2,2,2,
202,0,0,,,1,1,1,
203,0,5,,,1,2,2,
204,0,0,,,1,1,1,
205,0,0,,,1,1,1,
206,0,0,,,1,1,1,
207,3,1,,,2,2,2,
208,0,0,,,1,1,1,
209,1,3,,,2,2,2,
210,2,2,,,2,2,2,
211,0,0,,,1,1,1,
212,5,2,,,2,2,2,
213,0,0,,,1,1,1,
214,1,1,,,2,2,2,
215,0,0,,,1,1,1,
216,0,0,,,1,1,1,
217,0,0,,,1,1,1,
218,1,1,,,2,2,2,
219,0,0,,,1,1,1,
220,1,0,,,2,1,2,
221,0,0,,,1,1,1,
222,0,0,,,1,1,1,
223,4,1,,,2,2,2,
224,4,0,,,2,1,2,
225,4,4,,,2,2,2,
226,1,1,,,2,2,2,
227,0,0,,,1,1,1,
228,3,1,,,2,2,2,
229,0,0,,,1,1,1,
230,0,0,,,1,1,1,
231,4,4,,,2,2,2,
232,0,0,,,1,1,1,
233,0,0,,,1,1,1,
234,0,0,,,1,1,1,
235,0,0,,,1,1,1,
236,3,1,,,2,2,2,
237,0,0,,,1,1,1,
238,1,1,,,2,2,2,
239,0,0,,,1,1,1,
240,0,0,,,1,1,1,
241,0,0,,,1,1,1,
242,1,1,,,2,2,2,
243,0,0,,,1,1,1,
244,0,0,,,1,1,1,
245,1,1,,,2,2,2,
246,0,0,,,1,1,1,
247,0,0,,,1,1,1,
248,0,0,,,1,1,1,
249,0,0,,,1,1,1,
250,0,0,,,1,1,1,
251,0,0,,,1,1,1,
252,2,3,,,2,2,2,
253,0,0,,,1,1,1,
254,1,0,,,2,1,2,
255,5,4,,,2,2,2,
256,0,0,,,1,1,1,
257,0,0,,,1,1,1,
258,1,1,,,2,2,2,
259,5,0,,,2,1,2,
260,1,2,,,2,2,2,
261,1,3,,,2,2,2,
262,0,0,,,1,1,1,
263,0,0,,,1,1,1,
264,5,3,,,2,2,2,
265,0,0,,,1,1,1,
266,2,2,,,2,2,2,
267,0,0,,,1,1,1,
268,0,0,,,1,1,1,
269,0,0,,,1,1,1,
270,0,0,,,1,1,1,
271,0,0,,,1,1,1,
272,0,0,,,1,1,1,
273,0,0,,,1,1,1,
274,0,0,,,1,1,1,
275,1,1,,,2,2,2,
276,0,0,,,1,1,1,
277,0,0,,,1,1,1,
278,0,0,,,1,1,1,
279,0,0,,,1,1,1,
280,0,0,,,1,1,1,
281,2,0,,,2,1,2,
282,0,0,,,1,1,1,
283,0,0,,,1,1,1,
284,1,3,,,2,2,2,
285,0,0,,,1,1,1,
286,0,0,,,1,1,1,
287,1,1,,,2,2,2,
288,0,0,,,1,1,1,
289,0,0,,,1,1,1,
290,0,0,,,1,1,1,
291,0,0,,,1,1,1,
292,0,0,,,1,1,1,
293,0,0,,,1,1,1,
294,1,0,,,2,1,2,
295,1,1,,,2,2,2,
296,1,5,,,2,2,2,
297,0,0,,,1,1,1,
298,5,1,,,2,2,2,
299,1,3,,,2,2,2,
300,0,0,,,1,1,1,
301,0,0,,,1,1,1,
302,1,1,,,2,2,2,
303,0,0,,,1,1,1,
304,0,0,,,1,1,1,
305,0,0,,,1,1,1,
306,0,0,,,1,1,1,
307,1,1,,,2,2,2,
308,0,0,,,1,1,1,
309,0,0,,,1,1,1,
310,2,2,,,2,2,2,
311,0,0,,,1,1,1,
312,0,0,,,1,1,1,
313,3,0,,,2,1,2,
314,4,3,,,2,2,2,
315,2,1,,,2,2,2,
316,2,0,,,2,1,2,
317,0,0,,,1,1,1,
318,5,3,,,2,2,2,
319,1,4,,,2,2,2,
320,0,0,,,1,1,1,
321,1,1,,,2,2,2,
322,0,0,,,1,1,1,
323,0,0,,,1,1,1,
324,1,3,,,2,2,2,
325,5,1,,,2,2,2,
326,1,1,,,2,2,2,
327,0,0,,,1,1,1,
328,5,3,,,2,2,2,
329,0,0,,,1,1,1,
330,0,0,,,1,1,1,
331,1,1,,,2,2,2,
332,0,0,,,1,1,1,
333,5,5,,,2,2,2,
334,2,0,,,2,1,2,
335,1,0,,,2,1,2,
336,5,2,,,2,2,2,
337,5,0,,,2,1,2,
338,4,0,,,2,1,2,
339,0,0,,,1,1,1,
340,0,0,,,1,1,1,
341,3,1,,,2,2,2,
342,5,0,,,2,1,2,
343,1,3,,,2,2,2,
344,0,0,,,1,1,1,
345,0,0,,,1,1,1,
346,0,0,,,1,1,1,
347,1,1,,,2,2,2,
348,2,2,,,2,2,2,
349,5,3,,,2,2,2,
350,0,0,,,1,1,1,
351,0,0,,,1,1,1,
352,5,3,,,2,2,2,
353,5,3,,,2,2,2,
354,5,2,,,2,2,2,
355,0,0,,,1,1,1,
356,5,1,,,2,2,2,
357,0,0,,,1,1,1,
358,0,0,,,1,1,1,
359,0,0,,,1,1,1,
360,0,0,,,1,1,1,
361,0,0,,,1,1,1,
362,0,0,,,1,1,1,
363,0,0,,,1,1,1,
364,5,4,,,2,2,2,
365,1,4,,,2,2,2,
366,0,0,,,1,1,1,
367,1,3,,,2,2,2,
368,4,0,,,2,1,2,
369,0,0,,,1,1,1,
370,2,1,,,2,2,2,
371,0,0,,,1,1,1,
372,1,3,,,2,2,2,
373,0,0,,,1,1,1,
374,1,3,,,2,2,2,
375,0,0,,,1,1,1,
376,0,0,,,1,1,1,
377,0,0,,,1,1,1,
378,0,0,,,1,1,1,
379,5,0,,,2,1,2,
380,2,2,,,2,2,2,
381,0,3,,,1,2,2,
382,0,0,,,1,1,1,
383,0,0,,,1,1,1,
384,0,0,,,1,1,1,
385,0,0,,,1,1,1,
386,0,5,,,1,2,2,
387,0,0,,,1,1,1,
388,2,1,,,2,2,2,
389,5,4,,,2,2,2,
390,5,1,,,2,2,2,
391,0,0,,,1,1,1,
392,3,3,,,2,2,2,
393,0,0,,,1,1,1,
394,2,3,,,2,2,2,
395,0,0,,,1,1,1,
396,0,0,,,1,1,1,
397,2,0,,,2,1,2,
398,5,3,,,2,2,2,
399,0,0,,,1,1,1,
400,0,0,,,1,1,1,
401,0,0,,,1,1,1,
402,0,0,,,1,1,1,
403,0,0,,,1,1,1,
404,5,1,,,2,2,2,
405,0,0,,,1,1,1,
406,5,3,,,2,2,2,
407,3,4,,,2,2,2,
408,0,0,,,1,1,1,
409,0,0,,,1,1,1,
410,0,0,,,1,1,1,
411,5,3,,,2,2,2,
412,0,0,,,1,1,1,
413,0,0,,,1,1,1,
414,1,1,,,2,2,2,
415,0,0,,,1,1,1,
416,0,0,,,1,1,1,
417,0,0,,,1,1,1,
418,1,1,,,2,2,2,
419,0,0,,,1,1,1,
420,1,0,,,2,1,2,
421,2,3,,,2,2,2,
422,3,1,,,2,2,2,
423,0,0,,,1,1,1,
424,2,2,,,2,2,2,
425,0,0,,,1,1,1,
426,4,3,,,2,2,2,
427,3,3,,,2,2,2,
428,0,0,,,1,1,1,
429,0,0,,,1,1,1,
430,0,0,,,1,1,1,
431,0,0,,,1,1,1,
432,0,0,,,1,1,1,
433,1,1,,,2,2,2,
434,1,1,,,2,2,2,
435,1,5,,,2,2,2,
436,0,0,,,1,1,1,
437,0,0,,,1,1,1,
438,1,1,,,2,2,2,
439,1,2,,,2,2,2,
440,0,0,,,1,1,1,
441,5,5,,,2,2,2,
442,0,0,,,1,1,1,
443,2,2,,,2,2,2,
444,0,0,,,1,1,1,
445,0,0,,,1,1,1,
446,0,0,,,1,1,1,
447,0,0,,,1,1,1,
448,0,0,,,1,1,1,
449,0,0,,,1,1,1,
450,0,0,,,1,1,1,
451,5,0,,,2,1,2,
452,0,0,,,1,1,1,
453,0,0,,,1,1,1,
454,0,0,,,1,1,1,
455,2,2,,,2,2,2,
456,0,0,,,1,1,1,
457,5,5,,,2,2,2,
458,1,1,,,2,2,2,
459,0,0,,,1,1,1,
460,0,0,,,1,1,1,
461,1,1,,,2,2,2,
462,0,0,,,1,1,1,
463,3,1,,,2,2,2,
464,0,0,,,1,1,1,
465,1,1,,,2,2,2,
466,0,0,,,1,1,1,
467,0,0,,,1,1,1,
468,0,0,,,1,1,1,
469,5,1,,,2,2,2,
470,0,0,,,1,1,1,
471,5,5,,,2,2,2,
472,1,1,,,2,2,2,
473,0,0,,,1,1,1,
474,5,1,,,2,2,2,
475,0,0,,,1,1,1,
476,0,0,,,1,1,1,
477,1,1,,,2,2,2,
478,1,1,,,2,2,2,
479,0,0,,,1,1,1,
480,0,0,,,1,1,1,
481,0,0,,,1,1,1,
482,0,0,,,1,1,1,
483,0,0,,,1,1,1,
484,0,3,,,1,2,2,
485,0,0,,,1,1,1,
486,1,2,,,2,2,2,
487,0,0,,,1,1,1,
488,0,0,,,1,1,1,
489,0,0,,,1,1,1,
490,0,0,,,1,1,1,
491,0,0,,,1,1,1,
492,3,1,,,2,2,2,
493,5,5,,,2,2,2,
494,0,0,,,1,1,1,
495,0,0,,,1,1,1,
496,0,0,,,1,1,1,
497,0,0,,,1,1,1,
498,2,2,,,2,2,2,
499,1,0,,,2,1,2,
500,1,1,,,2,2,2,
501,1,1,,,2,2,2,
502,0,0,,,1,1,1,
503,0,0,,,1,1,1,
504,0,0,,,1,1,1,
505,0,0,,,1,1,1,
506,1,2,,,2,2,2,
507,0,0,,,1,1,1,
508,0,0,,,1,1,1,
509,0,0,,,1,1,1,
510,0,0,,,1,1,1,
511,0,0,,,1,1,1,
512,1,1,,,2,2,2,
513,0,0,,,1,1,1,
514,0,0,,,1,1,1,
515,0,0,,,1,1,1,
516,0,0,,,1,1,1,
517,0,0,,,1,1,1,
518,0,0,,,1,1,1,
519,0,0,,,1,1,1,
520,0,0,,,1,1,1,
521,0,0,,,1,1,1,
522,0,0,,,1,1,1,
523,3,0,,,2,1,2,
524,0,0,,,1,1,1,
525,0,0,,,1,1,1,
526,0,0,,,1,1,1,
527,0,0,,,1,1,1,
528,0,0,,,1,1,1,
529,0,0,,,1,1,1,
530,5,3,,,2,2,2,
531,0,0,,,1,1,1,
532,0,0,,,1,1,1,
533,0,0,,,1,1,1,
534,0,0,,,1,1,1,
535,0,0,,,1,1,1,
536,5,3,,,2,2,2,
537,0,0,,,1,1,1,
538,0,4,,,1,2,2,
539,0,0,,,1,1,1,
540,0,0,,,1,1,1,
541,1,1,,,2,2,2,
542,5,3,,,2,2,2,
543,1,1,,,2,2,2,
544,0,0,,,1,1,1,
545,0,0,,,1,1,1,
546,1,0,,,2,1,2,
547,5,1,,,2,2,2,
548,0,0,,,1,1,1,
549,0,0,,,1,1,1,
550,2,2,,,2,2,2,
551,0,0,,,1,1,1,
552,5,1,,,2,2,2,
553,0,0,,,1,1,1,
554,0,0,,,1,1,1,
555,4,1,,,2,2,2,
556,0,0,,,1,1,1,
557,0,0,,,1,1,1,
558,2,3,,,2,2,2,
559,0,0,,,1,1,1,
560,0,0,,,1,1,1,
561,0,0,,,1,1,1,
562,0,0,,,1,1,1,
563,0,0,,,1,1,1,
564,0,0,,,1,1,1,
565,0,0,,,1,1,1,
566,0,0,,,1,1,1,
567,0,0,,,1,1,1,
568,1,1,,,2,2,2,
569,0,0,,,1,1,1,
570,2,0,,,2,1,2,
571,0,0,,,1,1,1,
572,0,0,,,1,1,1,
573,2,0,,,2,1,2,
574,5,5,,,2,2,2,
575,3,3,,,2,2,2,
576,0,0,,,1,1,1,
577,0,0,,,1,1,1,
578,0,0,,,1,1,1,
579,0,0,,,1,1,1,
580,0,0,,,1,1,1,
581,5,3,,,2,2,2,
582,0,0,,,1,1,1,
583,3,4,,,2,2,2,
584,4,2,,,2,2,2,
585,5,3,,,2,2,2,
586,0,0,,,1,1,1,
587,0,0,,,1,1,1,
588,5,5,,,2,2,2,
589,1,4,,,2,2,2,
590,0,0,,,1,1,1,
591,0,0,,,1,1,1,
592,0,0,,,1,1,1,
593,5,5,,,2,2,2,
594,5,1,,,2,2,2,
595,1,1,,,2,2,2,
596,2,2,,,2,2,2,
597,0,0,,,1,1,1,
598,0,0,,,1,1,1,
599,0,0,,,1,1,1,
600,0,0,,,1,1,1,
601,1,1,,,2,2,2,
602,0,0,,,1,1,1,
603,2,2,,,2,2,2,
604,0,0,,,1,1,1,
605,0,0,,,1,1,1,
606,0,0,,,1,1,1,
607,0,0,,,1,1,1,
608,4,4,,,2,2,2,
609,0,0,,,1,1,1,
610,1,1,,,2,2,2,
611,0,0,,,1,1,1,
612,5,3,,,2,2,2,
613,0,0,,,1,1,1,
614,0,0,,,1,1,1,
615,4,0,,,2,1,2,
616,0,0,,,1,1,1,
617,2,4,,,2,2,2,
618,0,0,,,1,1,1,
619,0,0,,,1,1,1,
620,0,0,,,1,1,1,
621,0,0,,,1,1,1,
622,0,0,,,1,1,1,
623,1,1,,,2,2,2,
624,0,0,,,1,1,1,
625,0,0,,,1,1,1,
626,0,0,,,1,1,1,
627,0,0,,,1,1,1,
628,0,0,,,1,1,1,
629,0,0,,,1,1,1,
630,1,4,,,2,2,2,
631,0,0,,,1,1,1,
632,0,0,,,1,1,1,
633,0,0,,,1,1,1,
634,1,1,,,2,2,2,
635,0,0,,,1,1,1,
636,0,0,,,1,1,1,
637,0,0,,,1,1,1,
638,1,5,,,2,2,2,
639,1,2,,,2,2,2,
640,0,0,,,1,1,1,
641,0,0,,,1,1,1,
642,2,2,,,2,2,2,
643,3,1,,,2,2,2,
644,0,0,,,1,1,1,
645,3,5,,,2,2,2,
646,5,3,,,2,2,2,
647,0,0,,,1,1,1,
648,0,0,,,1,1,1,
649,5,3,,,2,2,2,
650,0,0,,,1,1,1,
651,5,0,,,2,1,2,
652,4,4,,,2,2,2,
653,0,0,,,1,1,1,
654,0,0,,,1,1,1,
655,0,0,,,1,1,1,
656,3,5,,,2,2,2,
657,0,0,,,1,1,1,
658,0,0,,,1,1,1,
659,0,0,,,1,1,1,
660,1,1,,,2,2,2,
661,1,1,,,2,2,2,
662,5,1,,,2,2,2,
663,0,0,,,1,1,1,
664,1,1,,,2,2,2,
665,3,0,,,2,1,2,
666,0,0,,,1,1,1,
667,0,0,,,1,1,1,
668,0,0,,,1,1,1,
669,0,0,,,1,1,1,
670,0,0,,,1,1,1,
671,3,0,,,2,1,2,
672,5,5,,,2,2,2,
673,1,1,,,2,2,2,
674,2,2,,,2,2,2,
675,0,0,,,1,1,1,
676,2,3,,,2,2,2,
677,0,0,,,1,1,1,
678,4,4,,,2,2,2,
679,0,1,,,1,2,2,
680,3,3,,,2,2,2,
681,1,1,,,2,2,2,
682,5,3,,,2,2,2,
683,0,0,,,1,1,1,
684,2,0,,,2,1,2,
685,0,0,,,1,1,1,
686,5,1,,,2,2,2,
687,0,0,,,1,1,1,
688,5,3,,,2,2,2,
689,0,0,,,1,1,1,
690,0,0,,,1,1,1,
691,0,0,,,1,1,1,
692,0,0,,,1,1,1,
693,0,0,,,1,1,1,
694,5,5,,,2,2,2,
695,0,0,,,1,1,1,
696,0,0,,,1,1,1,
697,0,0,,,1,1,1,
698,0,0,,,1,1,1,
699,1,5,,,2,2,2,
700,0,0,,,1,1,1,
701,1,1,,,2,2,2,
702,0,0,,,1,1,1,
703,1,2,,,2,2,2,
704,3,2,,,2,2,2,
705,0,0,,,1,1,1,
706,1,4,,,2,2,2,
707,0,3,,,1,2,2,
708,0,0,,,1,1,1,
709,0,0,,,1,1,1,
710,0,0,,,1,1,1,
711,5,5,,,2,2,2,
712,4,4,,,2,2,2,
713,5,3,,,2,2,2,
714,0,0,,,1,1,1,
715,0,0,,,1,1,1,
716,1,1,,,2,2,2,
717,0,0,,,1,1,1,
718,0,0,,,1,1,1,
719,1,3,,,2,2,2,
720,0,0,,,1,1,1,
721,1,1,,,2,2,2,
722,0,0,,,1,1,1,
723,5,5,,,2,2,2,
724,5,5,,,2,2,2,
725,3,1,,,2,2,2,
726,0,0,,,1,1,1,
727,0,0,,,1,1,1,
728,0,0,,,1,1,1,
729,2,2,,,2,2,2,
730,1,1,,,2,2,2,
731,0,0,,,1,1,1,
732,0,0,,,1,1,1,
733,0,0,,,1,1,1,
734,3,3,,,2,2,2,
735,2,2,,,2,2,2,
736,0,0,,,1,1,1,
737,0,0,,,1,1,1,
738,0,0,,,1,1,1,
739,0,0,,,1,1,1,
740,5,4,,,2,2,2,
741,1,1,,,2,2,2,
742,0,0,,,1,1,1,
743,0,0,,,1,1,1,
744,0,0,,,1,1,1,
745,0,0,,,1,1,1,
746,0,0,,,1,1,1,
747,0,0,,,1,1,1,
748,0,0,,,1,1,1,
749,5,3,,,2,2,2,
750,0,0,,,1,1,1,
751,0,0,,,1,1,1,
752,0,0,,,1,1,1,
753,0,0,,,1,1,1,
754,0,0,,,1,1,1,
755,0,0,,,1,1,1,
756,0,0,,,1,1,1,
757,0,0,,,1,1,1,
758,0,0,,,1,1,1,
759,0,0,,,1,1,1,
760,0,0,,,1,1,1,
761,0,0,,,1,1,1,
762,5,4,,,2,2,2,
763,0,0,,,1,1,1,
764,0,0,,,1,1,1,
765,0,0,,,1,1,1,
766,2,1,,,2,2,2,
767,0,3,,,1,2,2,
768,1,0,,,2,1,2,
769,0,0,,,1,1,1,
770,0,0,,,1,1,1,
771,5,1,,,2,2,2,
772,0,0,,,1,1,1,
773,0,0,,,1,1,1,
774,0,0,,,1,1,1,
775,0,0,,,1,1,1,
776,5,5,,,2,2,2,
777,1,2,,,2,2,2,
778,1,1,,,2,2,2,
779,1,1,,,2,2,2,
780,0,0,,,1,1,1,
781,0,0,,,1,1,1,
782,0,0,,,1,1,1,
783,4,3,,,2,2,2,
784,0,0,,,1,1,1,
785,0,0,,,1,1,1,
786,0,0,,,1,1,1,
787,0,0,,,1,1,1,
788,5,1,,,2,2,2,
789,1,4,,,2,2,2,
790,0,0,,,1,1,1,
791,0,0,,,1,1,1,
792,0,0,,,1,1,1,
793,3,3,,,2,2,2,
794,0,0,,,1,1,1,
795,0,0,,,1,1,1,
796,0,0,,,1,1,1,
797,1,1,,,2,2,2,
798,0,0,,,1,1,1,
799,5,3,,,2,2,2,
800,0,0,,,1,1,1,
801,0,0,,,1,1,1,
802,2,0,,,2,1,2,
803,3,3,,,2,2,2,
804,0,0,,,1,1,1,
805,0,0,,,1,1,1,
806,0,0,,,1,1,1,
807,5,0,,,2,1,2,
808,0,0,,,1,1,1,
809,2,3,,,2,2,2,
810,0,0,,,1,1,1,
811,0,0,,,1,1,1,
812,0,0,,,1,1,1,
813,0,0,,,1,1,1,
814,4,4,,,2,2,2,
815,1,1,,,2,2,2,
816,0,0,,,1,1,1,
817,1,3,,,2,2,2,
818,0,0,,,1,1,1,
819,0,0,,,1,1,1,
820,4,4,,,2,2,2,
821,0,0,,,1,1,1,
822,0,0,,,1,1,1,
823,0,0,,,1,1,1,
824,0,0,,,1,1,1,
825,3,3,,,2,2,2,
826,0,1,,,1,2,2,
827,1,1,,,2,2,2,
828,0,0,,,1,1,1,
829,0,0,,,1,1,1,
830,1,1,,,2,2,2,
831,0,0,,,1,1,1,
832,0,0,,,1,1,1,
833,0,0,,,1,1,1,
834,0,0,,,1,1,1,
835,2,2,,,2,2,2,
836,0,0,,,1,1,1,
837,0,0,,,1,1,1,
838,5,3,,,2,2,2,
839,0,0,,,1,1,1,
840,3,4,,,2,2,2,
841,2,0,,,2,1,2,
842,0,0,,,1,1,1,
843,0,2,,,1,2,2,
844,0,0,,,1,1,1,
845,0,0,,,1,1,1,
846,0,0,,,1,1,1,
847,0,0,,,1,1,1,
848,0,0,,,1,1,1,
849,0,0,,,1,1,1,
850,1,1,,,2,2,2,
851,0,0,,,1,1,1,
852,0,0,,,1,1,1,
853,4,3,,,2,2,2,
854,0,0,,,1,1,1,
855,0,0,,,1,1,1,
856,1,3,,,2,2,2,
857,1,1,,,2,2,2,
858,1,1,,,2,2,2,
859,5,0,,,2,1,2,
860,0,0,,,1,1,1,
861,1,1,,,2,2,2,
862,3,0,,,2,1,2,
863,1,1,,,2,2,2,
864,0,0,,,1,1,1,
865,5,3,,,2,2,2,
866,0,0,,,1,1,1,
867,0,0,,,1,1,1,
868,0,0,,,1,1,1,
869,0,0,,,1,1,1,
870,0,0,,,1,1,1,
871,5,3,,,2,2,2,
872,3,3,,,2,2,2,
873,0,0,,,1,1,1,
874,5,1,,,2,2,2,
875,0,0,,,1,1,1,
876,0,0,,,1,1,1,
877,1,0,,,2,1,2,
878,0,0,,,1,1,1,
879,0,0,,,1,1,1,
880,0,0,,,1,1,1,
881,0,0,,,1,1,1,
882,0,0,,,1,1,1,
883,1,1,,,2,2,2,
884,1,1,,,2,2,2,
885,1,1,,,2,2,2,
886,0,0,,,1,1,1,
887,1,1,,,2,2,2,
888,1,1,,,2,2,2,
889,0,0,,,1,1,1,
890,0,0,,,1,1,1,
891,0,0,,,1,1,1,
892,0,0,,,1,1,1,
893,4,0,,,2,1,2,
894,5,1,,,2,2,2,
895,0,0,,,1,1,1,
896,0,0,,,1,1,1,
897,0,0,,,1,1,1,
898,4,0,,,2,1,2,
899,0,0,,,1,1,1,
900,2,0,,,2,1,2,
901,1,1,,,2,2,2,
902,0,0,,,1,1,1,
903,1,1,,,2,2,2,
904,0,0,,,1,1,1,
905,5,4,,,2,2,2,
906,0,0,,,1,1,1,
907,0,0,,,1,1,1,
908,1,1,,,2,2,2,
909,0,0,,,1,1,1,
910,0,0,,,1,1,1,
911,0,0,,,1,1,1,
912,0,0,,,1,1,1,
913,0,0,,,1,1,1,
914,0,0,,,1,1,1,
915,0,0,,,1,1,1,
916,0,0,,,1,1,1,
917,1,1,,,2,2,2,
918,0,0,,,1,1,1,
919,0,0,,,1,1,1,
920,0,0,,,1,1,1,
921,2,1,,,2,2,2,
922,0,0,,,1,1,1,
923,2,1,,,2,2,2,
924,5,5,,,2,2,2,
925,5,0,,,2,1,2,
926,0,0,,,1,1,1,
927,0,0,,,1,1,1,
928,0,0,,,1,1,1,
929,0,0,,,1,1,1,
930,3,1,,,2,2,2,
931,1,4,,,2,2,2,
932,0,0,,,1,1,1,
933,5,5,,,2,2,2,
934,5,1,,,2,2,2,
935,4,4,,,2,2,2,
936,5,1,,,2,2,2,
937,0,0,,,1,1,1,
938,0,0,,,1,1,1,
939,1,1,,,2,2,2,
940,0,0,,,1,1,1,
941,0,0,,,1,1,1,
942,0,0,,,1,1,1,
943,0,0,,,1,1,1,
944,0,0,,,1,1,1,
945,1,1,,,2,2,2,
946,0,0,,,1,1,1,
947,1,1,,,2,2,2,
948,0,0,,,1,1,1,
949,0,0,,,1,1,1,
950,0,0,,,1,1,1,
951,3,3,,,2,2,2,
952,0,0,,,1,1,1,
953,3,1,,,2,2,2,
954,1,1,,,2,2,2,
955,0,0,,,1,1,1,
956,3,2,,,2,2,2,
957,4,1,,,2,2,2,
958,0,0,,,1,1,1,
959,1,1,,,2,2,2,
960,0,0,,,1,1,1,
961,3,1,,,2,2,2,
962,0,0,,,1,1,1,
963,0,0,,,1,1,1,
964,0,0,,,1,1,1,
965,0,0,,,1,1,1,
966,0,0,,,1,1,1,
967,0,0,,,1,1,1,
968,0,0,,,1,1,1,
969,0,0,,,1,1,1,
970,0,0,,,1,1,1,
971,0,0,,,1,1,1,
972,0,0,,,1,1,1,
973,0,0,,,1,1,1,
974,0,0,,,1,1,1,
975,5,2,,,2,2,2,
976,2,1,,,2,2,2,
977,0,0,,,1,1,1,
978,0,0,,,1,1,1,
979,0,0,,,1,1,1,
980,0,0,,,1,1,1,
981,0,0,,,1,1,1,
982,0,0,,,1,1,1,
983,0,0,,,1,1,1,
984,0,0,,,1,1,1,
985,3,3,,,2,2,2,
986,1,1,,,2,2,2,
987,1,3,,,2,2,2,
988,5,1,,,2,2,2,
989,4,4,,,2,2,2,
990,0,0,,,1,1,1,
991,0,0,,,1,1,1,
992,0,0,,,1,1,1,
993,0,0,,,1,1,1,
994,0,0,,,1,1,1,
995,0,0,,,1,1,1,
996,0,0,,,1,1,1,
997,0,0,,,1,1,1,
998,0,0,,,1,1,1,
999,0,0,,,1,1,1,
1000,0,0,,,1,1,1,
1001,2,1,,,2,2,2,
1002,4,3,,,2,2,2,
1003,0,0,,,1,1,1,
1004,1,3,,,2,2,2,
1005,0,0,,,1,1,1,
1006,5,5,,,2,2,2,
1007,0,0,,,1,1,1,
1008,0,0,,,1,1,1,
1009,0,0,,,1,1,1,
1010,2,2,,,2,2,2,
1011,0,0,,,1,1,1,
1012,0,0,,,1,1,1,
1013,5,0,,,2,1,2,
1014,0,0,,,1,1,1,
1015,5,0,,,2,1,2,
1016,0,0,,,1,1,1,
1017,0,0,,,1,1,1,
1018,5,5,,,2,2,2,
1019,0,0,,,1,1,1,
1020,0,0,,,1,1,1,
1021,0,0,,,1,1,1,
1022,0,0,,,1,1,1,
1023,0,0,,,1,1,1,
1024,3,0,,,2,1,2,
1025,0,0,,,1,1,1,
1026,0,0,,,1,1,1,
1027,5,3,,,2,2,2,
1028,0,0,,,1,1,1,
1029,1,2,,,2,2,2,
1030,0,0,,,1,1,1,
1031,0,0,,,1,1,1,
1032,0,0,,,1,1,1,
1033,0,0,,,1,1,1,
1034,0,0,,,1,1,1,
1035,0,0,,,1,1,1,
1036,1,3,,,2,2,2,
1037,1,1,,,2,2,2,
1038,1,0,,,2,1,2,
1039,0,0,,,1,1,1,
1040,0,0,,,1,1,1,
1041,0,0,,,1,1,1,
1042,5,3,,,2,2,2,
1043,0,0,,,1,1,1,
1044,0,0,,,1,1,1,
1045,1,1,,,2,2,2,
1046,0,0,,,1,1,1,
1047,3,2,,,2,2,2,
1048,0,0,,,1,1,1,
1049,0,0,,,1,1,1,
1050,5,1,,,2,2,2,
1051,0,0,,,1,1,1,
1052,0,0,,,1,1,1,
1053,0,0,,,1,1,1,
1054,3,3,,,2,2,2,
1055,0,0,,,1,1,1,
1056,1,1,,,2,2,2,
1057,2,5,,,2,2,2,
1058,5,1,,,2,2,2,
1059,1,1,,,2,2,2,
1060,0,0,,,1,1,1,
1061,5,3,,,2,2,2,
1062,0,0,,,1,1,1,
1063,5,2,,,2,2,2,
1064,0,0,,,1,1,1,
1065,0,0,,,1,1,1,
1066,5,5,,,2,2,2,
1067,0,0,,,1,1,1,
1068,0,0,,,1,1,1,
1069,1,1,,,2,2,2,
1070,0,0,,,1,1,1,
1071,3,1,,,2,2,2,
1072,1,1,,,2,2,2,
1073,0,0,,,1,1,1,
1074,0,0,,,1,1,1,
1075,0,0,,,1,1,1,
1076,0,0,,,1,1,1,
1077,0,0,,,1,1,1,
1078,5,4,,,2,2,2,
1079,0,0,,,1,1,1,
1080,1,1,,,2,2,2,
1081,0,0,,,1,1,1,
1082,2,2,,,2,2,2,
1083,0,0,,,1,1,1,
1084,2,1,,,2,2,2,
1085,0,0,,,1,1,1,
1086,2,4,,,2,2,2,
1087,0,0,,,1,1,1,
1088,5,0,,,2,1,2,
1089,0,0,,,1,1,1,
1090,5,1,,,2,2,2,
1091,0,0,,,1,1,1,
1092,1,1,,,2,2,2,
1093,0,0,,,1,1,1,
1094,1,1,,,2,2,2,
1095,0,0,,,1,1,1,
1096,0,0,,,1,1,1,
1097,0,0,,,1,1,1,
1098,5,3,,,2,2,2,
1099,0,0,,,1,1,1,
1100,0,0,,,1,1,1,
1101,0,0,,,1,1,1,
1102,0,0,,,1,1,1,
1103,0,0,,,1,1,1,
1104,0,0,,,1,1,1,
1105,0,0,,,1,1,1,
1106,0,0,,,1,1,1,
1107,0,0,,,1,1,1,
1108,1,1,,,2,2,2,
1109,1,1,,,2,2,2,
1110,0,0,,,1,1,1,
1111,0,0,,,1,1,1,
1112,0,0,,,1,1,1,
1113,0,0,,,1,1,1,
1114,0,0,,,1,1,1,
1115,0,0,,,1,1,1,
1116,1,3,,,2,2,2,
1117,0,0,,,1,1,1,
1118,4,4,,,2,2,2,
1119,0,0,,,1,1,1,
1120,0,0,,,1,1,1,
1121,0,0,,,1,1,1,
1122,0,0,,,1,1,1,
1123,5,3,,,2,2,2,
1124,0,0,,,1,1,1,
1125,3,1,,,2,2,2,
1126,1,1,,,2,2,2,
1127,0,0,,,1,1,1,
1128,0,0,,,1,1,1,
1129,0,0,,,1,1,1,
1130,0,0,,,1,1,1,
1131,3,3,,,2,2,2,
1132,0,0,,,1,1,1,
1133,0,0,,,1,1,1,
1134,2,2,,,2,2,2,
1135,1,3,,,2,2,2,
1136,0,0,,,1,1,1,
1137,0,0,,,1,1,1,
1138,0,0,,,1,1,1,
1139,2,4,,,2,2,2,
1140,0,0,,,1,1,1,
1141,0,0,,,1,1,1,
1142,0,0,,,1,1,1,
1143,0,0,,,1,1,1,
1144,0,0,,,1,1,1,
1145,3,3,,,2,2,2,
1146,0,0,,,1,1,1,
1147,5,0,,,2,1,2,
1148,0,0,,,1,1,1,
1149,0,0,,,1,1,1,
1150,0,0,,,1,1,1,
1151,0,0,,,1,1,1,
1152,0,0,,,1,1,1,
1153,1,0,,,2,1,2,
1154,0,0,,,1,1,1,
1155,0,0,,,1,1,1,
1156,2,2,,,2,2,2,
1157,0,0,,,1,1,1,
1158,0,0,,,1,1,1,
1159,0,0,,,1,1,1,
1160,1,1,,,2,2,2,
1161,0,0,,,1,1,1,
1162,2,3,,,2,2,2,
1163,5,2,,,2,2,2,
1164,0,0,,,1,1,1,
1165,0,0,,,1,1,1,
1166,0,0,,,1,1,1,
1167,5,0,,,2,1,2,
1168,0,0,,,1,1,1,
1169,0,0,,,1,1,1,
1170,1,5,,,2,2,2,
1171,0,0,,,1,1,1,
1172,0,0,,,1,1,1,
1173,0,0,,,1,1,1,
1174,5,3,,,2,2,2,
1175,0,0,,,1,1,1,
1176,0,0,,,1,1,1,
1177,0,0,,,1,1,1,
1178,0,0,,,1,1,1,
1179,3,1,,,2,2,2,
1180,2,3,,,2,2,2,
1181,0,0,,,1,1,1,
1182,0,0,,,1,1,1,
1183,0,0,,,1,1,1,
1184,0,0,,,1,1,1,
1185,0,0,,,1,1,1,
1186,2,0,,,2,1,2,
1187,4,3,,,2,2,2,
1188,0,0,,,1,1,1,
1189,1,1,,,2,2,2,
1190,0,0,,,1,1,1,
1191,5,1,,,2,2,2,
1192,1,2,,,2,2,2,
1193,1,0,,,2,1,2,
1194,1,1,,,2,2,2,
1195,0,0,,,1,1,1,
1196,0,0,,,1,1,1,
1197,0,0,,,1,1,1,
1198,0,0,,,1,1,1,
1199,1,1,,,2,2,2,
1200,0,0,,,1,1,1,
1201,0,0,,,1,1,1,
1202,0,0,,,1,1,1,
1203,0,0,,,1,1,1,
1204,5,3,,,2,2,2,
1205,1,3,,,2,2,2,
1206,3,3,,,2,2,2,
1207,0,0,,,1,1,1,
1208,0,0,,,1,1,1,
1209,1,1,,,2,2,2,
1210,0,0,,,1,1,1,
1211,0,0,,,1,1,1,
1212,0,0,,,1,1,1,
1213,5,3,,,2,2,2,
1214,3,3,,,2,2,2,
1215,5,3,,,2,2,2,
1216,0,0,,,1,1,1,
1217,0,0,,,1,1,1,
1218,0,0,,,1,1,1,
1219,0,0,,,1,1,1,
1220,0,0,,,1,1,1,
1221,0,0,,,1,1,1,
1222,0,0,,,1,1,1,
1223,5,0,,,2,1,2,
1224,0,0,,,1,1,1,
1225,4,1,,,2,2,2,
1226,0,0,,,1,1,1,
1227,0,0,,,1,1,1,
1228,0,0,,,1,1,1,
1229,0,0,,,1,1,1,
1230,0,0,,,1,1,1,
1231,5,0,,,2,1,2,
1232,1,3,,,2,2,2,
1233,0,0,,,1,1,1,
1234,5,5,,,2,2,2,
1235,0,0,,,1,1,1,
1236,2,1,,,2,2,2,
1237,0,0,,,1,1,1,
1238,0,0,,,1,1,1,
1239,0,0,,,1,1,1,
1240,4,0,,,2,1,2,
1241,5,0,,,2,1,2,
1242,0,0,,,1,1,1,
1243,1,3,,,2,2,2,
1244,0,0,,,1,1,1,
1245,0,0,,,1,1,1,
1246,1,2,,,2,2,2,
1247,0,0,,,1,1,1,
1248,0,0,,,1,1,1,
1249,5,1,,,2,2,2,
1250,0,0,,,1,1,1,
1251,0,0,,,1,1,1,
1252,2,4,,,2,2,2,
1253,0,0,,,1,1,1,
1254,5,3,,,2,2,2,
1255,4,0,,,2,1,2,
1256,0,0,,,1,1,1,
1257,0,0,,,1,1,1,
1258,1,1,,,2,2,2,
1259,0,0,,,1,1,1,
1260,4,4,,,2,2,2,
1261,0,0,,,1,1,1,
1262,5,5,,,2,2,2,
1263,0,0,,,1,1,1,
1264,1,0,,,2,1,2,
1265,0,0,,,1,1,1,
1266,1,1,,,2,2,2,
1267,0,0,,,1,1,1,
1268,0,0,,,1,1,1,
1269,0,0,,,1,1,1,
1270,5,0,,,2,1,2,
1271,0,0,,,1,1,1,
1272,5,5,,,2,2,2,
1273,5,1,,,2,2,2,
1274,1,1,,,2,2,2,
1275,0,0,,,1,1,1,
1276,5,0,,,2,1,2,
1277,4,4,,,2,2,2,
1278,0,0,,,1,1,1,
1279,0,0,,,1,1,1,
1280,5,0,,,2,1,2,
1281,1,5,,,2,2,2,
1282,0,0,,,1,1,1,
1283,1,1,,,2,2,2,
1284,3,3,,,2,2,2,
1285,0,0,,,1,1,1,
1286,0,0,,,1,1,1,
1287,0,0,,,1,1,1,
1288,2,3,,,2,2,2,
1289,0,0,,,1,1,1,
1290,0,0,,,1,1,1,
1291,0,0,,,1,1,1,
1292,1,1,,,2,2,2,
1293,4,4,,,2,2,2,
1294,0,0,,,1,1,1,
1295,1,4,,,2,2,2,
1296,0,0,,,1,1,1,
1297,0,0,,,1,1,1,
1298,0,0,,,1,1,1,
1299,3,2,,,2,2,2,
1300,1,1,,,2,2,2,
1301,0,0,,,1,1,1,
1302,2,5,,,2,2,2,
1303,0,0,,,1,1,1,
1304,0,0,,,1,1,1,
1305,0,0,,,1,1,1,
1306,0,0,,,1,1,1,
1307,0,0,,,1,1,1,
1308,0,0,,,1,1,1,
1309,5,3,,,2,2,2,
1310,1,1,,,2,2,2,
1311,0,0,,,1,1,1,
1312,0,0,,,1,1,1,
1313,0,0,,,1,1,1,
1314,2,2,,,2,2,2,
1315,4,4,,,2,2,2,
1316,3,3,,,2,2,2,
1317,5,0,,,2,1,2,
1318,1,2,,,2,2,2,
1319,5,3,,,2,2,2,
1320,1,1,,,2,2,2,
1321,1,1,,,2,2,2,
1322,0,0,,,1,1,1,
1323,1,2,,,2,2,2,
1324,0,0,,,1,1,1,
1325,0,0,,,1,1,1,
1326,0,0,,,1,1,1,
1327,4,5,,,2,2,2,
1328,1,2,,,2,2,2,
1329,5,2,,,2,2,2,
1330,0,0,,,1,1,1,
1331,0,0,,,1,1,1,
1332,0,0,,,1,1,1,
1333,0,0,,,1,1,1,
1334,1,3,,,2,2,2,
1335,1,1,,,2,2,2,
1336,0,0,,,1,1,1,
1337,0,0,,,1,1,1,
1338,1,1,,,2,2,2,
1339,0,0,,,1,1,1,
1340,0,0,,,1,1,1,
1341,0,0,,,1,1,1,
1342,3,1,,,2,2,2,
1343,5,5,,,2,2,2,
1344,5,3,,,2,2,2,
1345,5,1,,,2,2,2,
1346,5,3,,,2,2,2,
1347,0,0,,,1,1,1,
1348,0,0,,,1,1,1,
1349,4,4,,,2,2,2,
1350,0,0,,,1,1,1,
1351,2,3,,,2,2,2,
1352,0,0,,,1,1,1,
1353,0,0,,,1,1,1,
1354,0,0,,,1,1,1,
1355,0,0,,,1,1,1,
1356,5,3,,,2,2,2,
1357,0,3,,,1,2,2,
1358,0,0,,,1,1,1,
1359,0,0,,,1,1,1,
1360,1,2,,,2,2,2,
1361,0,0,,,1,1,1,
1362,0,0,,,1,1,1,
1363,5,0,,,2,1,2,
1364,1,1,,,2,2,2,
1365,1,1,,,2,2,2,
1366,0,0,,,1,1,1,
1367,0,0,,,1,1,1,
1368,0,0,,,1,1,1,
1369,1,3,,,2,2,2,
1370,4,4,,,2,2,2,
1371,0,0,,,1,1,1,
1372,0,0,,,1,1,1,
1373,0,0,,,1,1,1,
1374,1,1,,,2,2,2,
1375,5,4,,,2,2,2,
1376,5,3,,,2,2,2,
1377,2,2,,,2,2,2,
1378,0,0,,,1,1,1,
1379,0,0,,,1,1,1,
1380,5,3,,,2,2,2,
1381,1,3,,,2,2,2,
1382,0,0,,,1,1,1,
1383,1,3,,,2,2,2,
1384,0,0,,,1,1,1,
1385,0,0,,,1,1,1,
1386,0,0,,,1,1,1,
1387,5,5,,,2,2,2,
1388,5,2,,,2,2,2,
1389,2,4,,,2,2,2,
1390,0,0,,,1,1,1,
1391,1,0,,,2,1,2,
1392,0,0,,,1,1,1,
1393,0,0,,,1,1,1,
1394,0,0,,,1,1,1,
1395,0,0,,,1,1,1,
1396,5,5,,,2,2,2,
1397,0,0,,,1,1,1,
1398,5,2,,,2,2,2,
1399,0,0,,,1,1,1,
1400,0,0,,,1,1,1,
1401,0,0,,,1,1,1,
1402,0,5,,,1,2,2,
1403,1,1,,,2,2,2,
1404,0,0,,,1,1,1,
1405,1,1,,,2,2,2,
1406,0,0,,,1,1,1,
1407,4,0,,,2,1,2,
1408,0,0,,,1,1,1,
